Best_Model,RMSE,MAE,R2,Inference_Time_sec
RandomForest,0.1732009197191503,0.1483436527772074,-2.353307743615946,0.017431259155273438
